{"cameraMode":{"drawMode":0,"name":"Shaded","section":"Shading Mode"},"sceneLighting":true,"audioPlay":false,"sceneViewState":{"showFog":true,"showMaterialUpdate":true,"showSkybox":true,"showFlares":true,"showImageEffects":true,"showParticleSystems":true},"in2DMode":false,"pivot":{"x":645.5147094726563,"y":-2.5531909465789797,"z":366.17999267578127},"rotation":{"x":0.015076454728841782,"y":0.9545286297798157,"z":-0.293712317943573,"w":0.048996735364198688},"size":26.61004638671875,"orthographic":false}