{"cameraMode":{"drawMode":0,"name":"Shaded","section":"Shading Mode"},"sceneLighting":true,"audioPlay":false,"sceneViewState":{"showFog":true,"showMaterialUpdate":true,"showSkybox":true,"showFlares":true,"showImageEffects":true,"showParticleSystems":true},"in2DMode":false,"pivot":{"x":4.2963151931762699,"y":2.260909080505371,"z":-35.839237213134769},"rotation":{"x":0.00021953809482511133,"y":0.9996621012687683,"z":0.02458718791604042,"w":-0.008995406329631806},"size":39.38968276977539,"orthographic":false}