{"cameraMode":{"drawMode":0,"name":"Shaded","section":"Shading Mode"},"sceneLighting":true,"audioPlay":false,"sceneViewState":{"showFog":true,"showMaterialUpdate":true,"showSkybox":true,"showFlares":true,"showImageEffects":true,"showParticleSystems":true},"in2DMode":false,"pivot":{"x":-37.451072692871097,"y":-1.5050462484359742,"z":-9.893624305725098},"rotation":{"x":0.0054775625467300419,"y":0.9872052669525147,"z":-0.15679870545864106,"w":0.03518979996442795},"size":235.76806640625,"orthographic":false}