{"cameraMode":{"drawMode":0,"name":"Shaded","section":"Shading Mode"},"sceneLighting":true,"audioPlay":false,"sceneViewState":{"showFog":true,"showMaterialUpdate":true,"showSkybox":true,"showFlares":true,"showImageEffects":true,"showParticleSystems":true},"in2DMode":false,"pivot":{"x":-32.10211944580078,"y":5.635335922241211,"z":-0.14754267036914826},"rotation":{"x":-0.10189531743526459,"y":0.8947088122367859,"z":-0.26366639137268069,"w":-0.3464697003364563},"size":14.640314102172852,"orthographic":false}