{"cameraMode":{"drawMode":0,"name":"Shaded","section":"Shading Mode"},"sceneLighting":true,"audioPlay":false,"sceneViewState":{"showFog":true,"showMaterialUpdate":true,"showSkybox":true,"showFlares":true,"showImageEffects":true,"showParticleSystems":true},"in2DMode":false,"pivot":{"x":-40.15999984741211,"y":1.0059000253677369,"z":-0.34999996423721316},"rotation":{"x":0.011945120058953762,"y":0.9357274174690247,"z":-0.0317356213927269,"w":0.35149890184402468},"size":3.9452202320098879,"orthographic":false}