{"cameraMode":{"drawMode":0,"name":"Shaded","section":"Shading Mode"},"sceneLighting":true,"audioPlay":false,"sceneViewState":{"showFog":true,"showMaterialUpdate":true,"showSkybox":true,"showFlares":true,"showImageEffects":true,"showParticleSystems":true},"in2DMode":false,"pivot":{"x":-26.241905212402345,"y":4.25737190246582,"z":-1.9926095008850098},"rotation":{"x":-0.007937495596706868,"y":-0.9863682389259338,"z":0.15817588567733766,"w":-0.049044378101825717},"size":18.205442428588868,"orthographic":false}