{"cameraMode":{"drawMode":0,"name":"Shaded","section":"Shading Mode"},"sceneLighting":true,"audioPlay":false,"sceneViewState":{"showFog":true,"showMaterialUpdate":true,"showSkybox":true,"showFlares":true,"showImageEffects":true,"showParticleSystems":true},"in2DMode":false,"pivot":{"x":-40.795654296875,"y":1.8006410598754883,"z":-0.21867230534553529},"rotation":{"x":-0.0016369413351640106,"y":0.9973385334014893,"z":-0.0233547855168581,"w":-0.07109667360782623},"size":3.9192540645599367,"orthographic":false}