{"cameraMode":{"drawMode":0,"name":"Shaded","section":"Shading Mode"},"sceneLighting":true,"audioPlay":false,"sceneViewState":{"showFog":true,"showMaterialUpdate":true,"showSkybox":true,"showFlares":true,"showImageEffects":true,"showParticleSystems":true},"in2DMode":false,"pivot":{"x":-26.795961380004884,"y":2.8811588287353517,"z":1.8660316467285157},"rotation":{"x":-0.037759196013212207,"y":0.9436584115028381,"z":-0.11552411317825318,"w":-0.30854982137680056},"size":17.23393440246582,"orthographic":false}