{"cameraMode":{"drawMode":0,"name":"Shaded","section":"Shading Mode"},"sceneLighting":true,"audioPlay":false,"sceneViewState":{"showFog":true,"showMaterialUpdate":true,"showSkybox":true,"showFlares":true,"showImageEffects":true,"showParticleSystems":true},"in2DMode":false,"pivot":{"x":0.2952248454093933,"y":1.222895860671997,"z":-33.42483901977539},"rotation":{"x":0.000162913667736575,"y":0.9995415806770325,"z":-0.005406907293945551,"w":0.0299972016364336},"size":40.857383728027347,"orthographic":false}