{"cameraMode":{"drawMode":0,"name":"Shaded","section":"Shading Mode"},"sceneLighting":true,"audioPlay":false,"sceneViewState":{"showFog":true,"showMaterialUpdate":true,"showSkybox":true,"showFlares":true,"showImageEffects":true,"showParticleSystems":true},"in2DMode":false,"pivot":{"x":-28.38236427307129,"y":5.128300666809082,"z":2.2653608322143556},"rotation":{"x":0.0673881396651268,"y":-0.9315134286880493,"z":0.22949320077896119,"w":0.27421700954437258},"size":39.123512268066409,"orthographic":false}