{"cameraMode":{"drawMode":0,"name":"Shaded","section":"Shading Mode"},"sceneLighting":true,"audioPlay":false,"sceneViewState":{"showFog":true,"showMaterialUpdate":true,"showSkybox":true,"showFlares":true,"showImageEffects":true,"showParticleSystems":true},"in2DMode":false,"pivot":{"x":-37.500946044921878,"y":2.039713144302368,"z":-17.379764556884767},"rotation":{"x":0.0017647702479735017,"y":0.9982433915138245,"z":0.033541224896907809,"w":-0.051619961857795718},"size":23.5499324798584,"orthographic":false}