{"cameraMode":{"drawMode":0,"name":"Shaded","section":"Shading Mode"},"sceneLighting":true,"audioPlay":false,"sceneViewState":{"showFog":true,"showMaterialUpdate":true,"showSkybox":true,"showFlares":true,"showImageEffects":true,"showParticleSystems":true},"in2DMode":false,"pivot":{"x":0.3997749090194702,"y":-0.14430153369903565,"z":-0.45075586438179018},"rotation":{"x":-0.10682851821184159,"y":0.8751968145370483,"z":-0.22562897205352784,"w":-0.4143793284893036},"size":9.23024845123291,"orthographic":false}