{"cameraMode":{"drawMode":0,"name":"Shaded","section":"Shading Mode"},"sceneLighting":true,"audioPlay":false,"sceneViewState":{"showFog":true,"showMaterialUpdate":true,"showSkybox":true,"showFlares":true,"showImageEffects":true,"showParticleSystems":true},"in2DMode":false,"pivot":{"x":-31.460281372070314,"y":2.2739977836608888,"z":6.687158584594727},"rotation":{"x":-0.03487711772322655,"y":0.9161419868469238,"z":-0.08124499022960663,"w":-0.39152923226356509},"size":21.561803817749025,"orthographic":false}