{"cameraMode":{"drawMode":0,"name":"Shaded","section":"Shading Mode"},"sceneLighting":true,"audioPlay":false,"sceneViewState":{"showFog":true,"showMaterialUpdate":true,"showSkybox":true,"showFlares":true,"showImageEffects":true,"showParticleSystems":true},"in2DMode":false,"pivot":{"x":-31.651432037353517,"y":5.267767906188965,"z":1.0843615531921387},"rotation":{"x":0.06056666001677513,"y":0.9342448115348816,"z":-0.19029906392097474,"w":0.2962295413017273},"size":24.247957229614259,"orthographic":false}