{"cameraMode":{"drawMode":0,"name":"Shaded","section":"Shading Mode"},"sceneLighting":true,"audioPlay":false,"sceneViewState":{"showFog":true,"showMaterialUpdate":true,"showSkybox":true,"showFlares":true,"showImageEffects":true,"showParticleSystems":true},"in2DMode":false,"pivot":{"x":-24.823514938354493,"y":1.9845221042633057,"z":-24.785009384155275},"rotation":{"x":0.14925172924995423,"y":0.6129823327064514,"z":-0.11898589879274368,"w":0.7669855952262878},"size":7.176953315734863,"orthographic":false}