{"cameraMode":{"drawMode":0,"name":"Shaded","section":"Shading Mode"},"sceneLighting":true,"audioPlay":false,"sceneViewState":{"showFog":true,"showMaterialUpdate":true,"showSkybox":true,"showFlares":true,"showImageEffects":true,"showParticleSystems":true},"in2DMode":false,"pivot":{"x":-36.94021224975586,"y":2.053839683532715,"z":0.9730660915374756},"rotation":{"x":0.00048271147534251213,"y":-0.9888888597488403,"z":0.14885783195495606,"w":0.0035778568126261236},"size":6.069540977478027,"orthographic":false}