{"cameraMode":{"drawMode":0,"name":"Shaded","section":"Shading Mode"},"sceneLighting":true,"audioPlay":false,"sceneViewState":{"showFog":true,"showMaterialUpdate":true,"showSkybox":true,"showFlares":true,"showImageEffects":true,"showParticleSystems":true},"in2DMode":false,"pivot":{"x":-34.46534729003906,"y":4.149947643280029,"z":2.909559488296509},"rotation":{"x":0.18510480225086213,"y":0.5078149437904358,"z":-0.11269000172615051,"w":0.8339324593544006},"size":21.917938232421876,"orthographic":false}