{"cameraMode":{"drawMode":0,"name":"Shaded","section":"Shading Mode"},"sceneLighting":true,"audioPlay":false,"sceneViewState":{"showFog":true,"showMaterialUpdate":true,"showSkybox":true,"showFlares":true,"showImageEffects":true,"showParticleSystems":true},"in2DMode":false,"pivot":{"x":4.57471227645874,"y":-27.834333419799806,"z":-16.79677963256836},"rotation":{"x":0.08292622119188309,"y":0.8583550453186035,"z":-0.48454371094703677,"w":0.14690274000167848},"size":36.8871955871582,"orthographic":false}