{"cameraMode":{"drawMode":0,"name":"Shaded","section":"Shading Mode"},"sceneLighting":true,"audioPlay":false,"sceneViewState":{"showFog":true,"showMaterialUpdate":true,"showSkybox":true,"showFlares":true,"showImageEffects":true,"showParticleSystems":true},"in2DMode":false,"pivot":{"x":4.933190822601318,"y":0.4785384237766266,"z":-1.5450806617736817},"rotation":{"x":0.00249095750041306,"y":0.988812267780304,"z":-0.14824068546295167,"w":0.016615280881524087},"size":2.0850062370300295,"orthographic":false}