{"cameraMode":{"drawMode":0,"name":"Shaded","section":"Shading Mode"},"sceneLighting":true,"audioPlay":false,"sceneViewState":{"showFog":true,"showMaterialUpdate":true,"showSkybox":true,"showFlares":true,"showImageEffects":true,"showParticleSystems":true},"in2DMode":false,"pivot":{"x":119.72083282470703,"y":-12.022415161132813,"z":381.0680236816406},"rotation":{"x":0.0523972250521183,"y":0.9462188482284546,"z":-0.19723139703273774,"w":0.2511696517467499},"size":195.56497192382813,"orthographic":false}