{"cameraMode":{"drawMode":0,"name":"Shaded","section":"Shading Mode"},"sceneLighting":true,"audioPlay":false,"sceneViewState":{"showFog":true,"showMaterialUpdate":true,"showSkybox":true,"showFlares":true,"showImageEffects":true,"showParticleSystems":true},"in2DMode":false,"pivot":{"x":-34.831886291503909,"y":7.506466865539551,"z":1.6361894607543946},"rotation":{"x":0.026598215103149415,"y":0.9660332798957825,"z":-0.11063656210899353,"w":0.23294131457805634},"size":31.13524627685547,"orthographic":false}